{
    "root_group": {
        "name": "",
        "path": "",
        "id": "d41d8cd98f00b204e9800998ecf8427e",
        "groups": {
            "setup": {
                "id": "5c0f8025f7e0b6654089e5b00e950f1a",
                "groups": {},
                "checks": {
                        "status was 200": {
                            "passes": 1,
                            "fails": 0,
                            "name": "status was 200",
                            "path": "::setup::status was 200",
                            "id": "cc6e748ad0bc5fc79d8302effa8fe280"
                        }
                    },
                "name": "setup",
                "path": "::setup"
            }
        },
        "checks": {
            "status was 200": {
                "id": "1461660757a913d4fb82ac4c5e1009de",
                "passes": 43,
                "fails": 0,
                "name": "status was 200",
                "path": "::status was 200"
            }
        }
    },
    "metrics": {
        "http_req_failed": {
            "passes": 0,
            "fails": 44,
            "value": 0
        },
        "http_req_waiting": {
            "p(95)": 2545.1537500000004,
            "avg": 1477.956386363636,
            "min": 387.192,
            "med": 1332.348,
            "max": 2998.656,
            "p(90)": 2241.511
        },
        "http_req_duration{expected_response:true}": {
            "min": 387.903,
            "med": 1332.4975,
            "max": 2998.989,
            "p(90)": 2241.8406,
            "p(95)": 2545.9487000000004,
            "avg": 1482.7068863636362
        },
        "http_req_receiving": {
            "avg": 4.661613636363636,
            "min": 0.064,
            "med": 0.157,
            "max": 104.738,
            "p(90)": 0.31870000000000004,
            "p(95)": 0.43220000000000014
        },
        "iteration_duration": {
            "avg": 1617.5764229090908,
            "min": 890.182531,
            "med": 1459.164767,
            "max": 4310.254282,
            "p(90)": 2594.5053361,
            "p(95)": 2874.6690709000004
        },
        "http_reqs": {
            "count": 44,
            "rate": 1.8931824306302463
        },
        "http_req_duration": {
            "avg": 1482.7068863636362,
            "min": 387.903,
            "med": 1332.4975,
            "max": 2998.989,
            "p(90)": 2241.8406,
            "p(95)": 2545.9487000000004
        },
        "vus_max": {
            "value": 5,
            "min": 5,
            "max": 5
        },
        "checks": {
            "passes": 44,
            "fails": 0,
            "value": 1
        },
        "http_req_tls_handshaking": {
            "med": 0,
            "max": 1239.343,
            "p(90)": 193.3511,
            "p(95)": 213.23925000000003,
            "avg": 71.74463636363636,
            "min": 0
        },
        "http_req_blocked": {
            "avg": 134.68979545454553,
            "min": 0,
            "med": 0.001,
            "max": 2341.836,
            "p(90)": 303.81570000000005,
            "p(95)": 1170.2562500000015
        },
        "http_req_connecting": {
            "avg": 35.230250000000005,
            "min": 0,
            "med": 0,
            "max": 1102.086,
            "p(90)": 68.94390000000027,
            "p(95)": 112.11985000000003
        },
        "data_sent": {
            "count": 13866,
            "rate": 596.610626889068
        },
        "iterations": {
            "count": 43,
            "rate": 1.8501555572068316
        },
        "data_received": {
            "count": 363410,
            "rate": 15636.39607080313
        },
        "vus": {
            "value": 1,
            "min": 0,
            "max": 5
        },
        "http_req_sending": {
            "p(95)": 0.3431000000000003,
            "avg": 0.08888636363636364,
            "min": 0.028,
            "med": 0.0565,
            "max": 0.527,
            "p(90)": 0.15990000000000004
        }
    }
}